{
    "name": "root",
    "gauges": {
        "Board.Policy.Entropy.mean": {
            "value": 2.9674456119537354,
            "min": 2.954284429550171,
            "max": 3.013091564178467,
            "count": 24
        },
        "Board.Policy.Entropy.sum": {
            "value": 29674.45703125,
            "min": 4187.2421875,
            "max": 30112.8359375,
            "count": 24
        },
        "Board.Step.mean": {
            "value": 499988.0,
            "min": 269957.0,
            "max": 499988.0,
            "count": 24
        },
        "Board.Step.sum": {
            "value": 499988.0,
            "min": 269957.0,
            "max": 499988.0,
            "count": 24
        },
        "Board.Policy.ExtrinsicValueEstimate.mean": {
            "value": -0.13665196299552917,
            "min": -0.7153193950653076,
            "max": 0.017654361203312874,
            "count": 24
        },
        "Board.Policy.ExtrinsicValueEstimate.sum": {
            "value": -21.59101104736328,
            "min": -113.02046203613281,
            "max": 2.789389133453369,
            "count": 24
        },
        "Board.Policy.CuriosityValueEstimate.mean": {
            "value": 0.5458380579948425,
            "min": 0.5080496668815613,
            "max": 2.380476236343384,
            "count": 24
        },
        "Board.Policy.CuriosityValueEstimate.sum": {
            "value": 86.24241638183594,
            "min": 49.9900016784668,
            "max": 367.1726379394531,
            "count": 24
        },
        "Board.IsTraining.mean": {
            "value": 1.0,
            "min": 1.0,
            "max": 1.0,
            "count": 24
        },
        "Board.IsTraining.sum": {
            "value": 1.0,
            "min": 1.0,
            "max": 1.0,
            "count": 24
        },
        "Board.Environment.EpisodeLength.mean": {
            "value": 4999.0,
            "min": 3348.3333333333335,
            "max": 4999.0,
            "count": 23
        },
        "Board.Environment.EpisodeLength.sum": {
            "value": 9998.0,
            "min": 6766.0,
            "max": 12838.0,
            "count": 23
        },
        "Board.Environment.CumulativeReward.mean": {
            "value": -0.9999999747378752,
            "min": -5.991100158949848,
            "max": -0.9999999747378752,
            "count": 23
        },
        "Board.Environment.CumulativeReward.sum": {
            "value": -1.9999999494757503,
            "min": -12.567999778082594,
            "max": -1.9999999494757503,
            "count": 23
        },
        "Board.Policy.ExtrinsicReward.mean": {
            "value": -0.9999999747378752,
            "min": -5.991100158949848,
            "max": -0.9999999747378752,
            "count": 23
        },
        "Board.Policy.ExtrinsicReward.sum": {
            "value": -1.9999999494757503,
            "min": -12.567999778082594,
            "max": -1.9999999494757503,
            "count": 23
        },
        "Board.Policy.CuriosityReward.mean": {
            "value": 27.697464918717742,
            "min": 0.2365121195713679,
            "max": 32.542897310107946,
            "count": 23
        },
        "Board.Policy.CuriosityReward.sum": {
            "value": 55.394929837435484,
            "min": 0.7095363587141037,
            "max": 65.08579462021589,
            "count": 23
        },
        "Board.Losses.PolicyLoss.mean": {
            "value": 0.13235573427130778,
            "min": 0.04540705072383086,
            "max": 0.18231361297269663,
            "count": 22
        },
        "Board.Losses.PolicyLoss.sum": {
            "value": 0.13235573427130778,
            "min": 0.04540705072383086,
            "max": 0.18231361297269663,
            "count": 22
        },
        "Board.Losses.ValueLoss.mean": {
            "value": 0.0007260175450937822,
            "min": 0.00029251255521861217,
            "max": 0.07926636299428841,
            "count": 22
        },
        "Board.Losses.ValueLoss.sum": {
            "value": 0.0007260175450937822,
            "min": 0.00029251255521861217,
            "max": 0.07926636299428841,
            "count": 22
        },
        "Board.Policy.LearningRate.mean": {
            "value": 4.351298549599988e-06,
            "min": 4.351298549599988e-06,
            "max": 0.000132717055761,
            "count": 22
        },
        "Board.Policy.LearningRate.sum": {
            "value": 4.351298549599988e-06,
            "min": 4.351298549599988e-06,
            "max": 0.000132717055761,
            "count": 22
        },
        "Board.Policy.Epsilon.mean": {
            "value": 0.10145040000000001,
            "min": 0.10145040000000001,
            "max": 0.14423899999999995,
            "count": 22
        },
        "Board.Policy.Epsilon.sum": {
            "value": 0.10145040000000001,
            "min": 0.10145040000000001,
            "max": 0.14423899999999995,
            "count": 22
        },
        "Board.Policy.Beta.mean": {
            "value": 0.005000000000000001,
            "min": 0.005000000000000001,
            "max": 0.005000000000000001,
            "count": 22
        },
        "Board.Policy.Beta.sum": {
            "value": 0.005000000000000001,
            "min": 0.005000000000000001,
            "max": 0.005000000000000001,
            "count": 22
        },
        "Board.Losses.CuriosityForwardLoss.mean": {
            "value": 0.11919836873809496,
            "min": 0.025869762680182855,
            "max": 0.15158305938045183,
            "count": 22
        },
        "Board.Losses.CuriosityForwardLoss.sum": {
            "value": 0.11919836873809496,
            "min": 0.025869762680182855,
            "max": 0.15158305938045183,
            "count": 22
        },
        "Board.Losses.CuriosityInverseLoss.mean": {
            "value": 2.461798055966695,
            "min": 2.44077738126119,
            "max": 2.636721674601237,
            "count": 22
        },
        "Board.Losses.CuriosityInverseLoss.sum": {
            "value": 2.461798055966695,
            "min": 2.44077738126119,
            "max": 2.636721674601237,
            "count": 22
        },
        "Board.Self-play.ELO.mean": {
            "value": 719.5788321755022,
            "min": 719.5788321755022,
            "max": 732.3832746304519,
            "count": 14
        },
        "Board.Self-play.ELO.sum": {
            "value": 719.5788321755022,
            "min": 719.5788321755022,
            "max": 732.3832746304519,
            "count": 14
        }
    },
    "metadata": {
        "timer_format_version": "0.1.0",
        "start_time_seconds": "1751530038",
        "python_version": "3.10.12 | packaged by Anaconda, Inc. | (main, Jul  5 2023, 19:01:18) [MSC v.1916 64 bit (AMD64)]",
        "command_line_arguments": "E:\\miniconda\\envs\\mlagents\\Scripts\\mlagents-learn ./config/trainer_config.yaml --run-id=SlfullTetris_run --resume",
        "mlagents_version": "1.1.0",
        "mlagents_envs_version": "1.1.0",
        "communication_protocol_version": "1.5.0",
        "pytorch_version": "2.2.2+cu121",
        "numpy_version": "1.23.5",
        "end_time_seconds": "1751531796"
    },
    "total": 1757.8440594000276,
    "count": 1,
    "self": 0.5776580000529066,
    "children": {
        "run_training.setup": {
            "total": 0.3312999999616295,
            "count": 1,
            "self": 0.3312999999616295
        },
        "TrainerController.start_learning": {
            "total": 1756.935101400013,
            "count": 1,
            "self": 3.7222674135118723,
            "children": {
                "TrainerController._reset_env": {
                    "total": 30.964594300021417,
                    "count": 4,
                    "self": 30.964594300021417
                },
                "TrainerController.advance": {
                    "total": 1722.0588736864738,
                    "count": 231440,