{
    "name": "root",
    "gauges": {
        "Board.Policy.Entropy.mean": {
            "value": 2.959622859954834,
            "min": 2.9259166717529297,
            "max": 3.2065742015838623,
            "count": 26
        },
        "Board.Policy.Entropy.sum": {
            "value": 29501.521484375,
            "min": 29238.685546875,
            "max": 32161.939453125,
            "count": 26
        },
        "Board.Step.mean": {
            "value": 259965.0,
            "min": 9966.0,
            "max": 259965.0,
            "count": 26
        },
        "Board.Step.sum": {
            "value": 259965.0,
            "min": 9966.0,
            "max": 259965.0,
            "count": 26
        },
        "Board.Policy.ExtrinsicValueEstimate.mean": {
            "value": -0.44076022505760193,
            "min": -3.358503580093384,
            "max": -0.44076022505760193,
            "count": 26
        },
        "Board.Policy.ExtrinsicValueEstimate.sum": {
            "value": -69.19935607910156,
            "min": -595.1505126953125,
            "max": -69.19935607910156,
            "count": 26
        },
        "Board.Policy.CuriosityValueEstimate.mean": {
            "value": 2.750628709793091,
            "min": -1.5555106401443481,
            "max": 7.565051555633545,
            "count": 26
        },
        "Board.Policy.CuriosityValueEstimate.sum": {
            "value": 431.84869384765625,
            "min": -348.43438720703125,
            "max": 1254.398193359375,
            "count": 26
        },
        "Board.Environment.EpisodeLength.mean": {
            "value": 4196.333333333333,
            "min": 82.05,
            "max": 4999.0,
            "count": 26
        },
        "Board.Environment.EpisodeLength.sum": {
            "value": 12589.0,
            "min": 4999.0,
            "max": 14466.0,
            "count": 26
        },
        "Board.Self-play.ELO.mean": {
            "value": 733.8616208226987,
            "min": 733.8616208226987,
            "max": 1139.5769471245628,
            "count": 23
        },
        "Board.Self-play.ELO.sum": {
            "value": 1467.7232416453974,
            "min": 735.3401278738336,
            "max": 136749.23365494754,
            "count": 23
        },
        "Board.Environment.CumulativeReward.mean": {
            "value": -7.505999994735855,
            "min": -10.529699726961553,
            "max": -0.49999998311977834,
            "count": 26
        },
        "Board.Environment.CumulativeReward.sum": {
            "value": -22.517999984207563,
            "min": -1201.9691975936294,
            "max": -0.9999999662395567,
            "count": 26
        },
        "Board.Policy.ExtrinsicReward.mean": {
            "value": -7.505999994735855,
            "min": -10.529699726961553,
            "max": -0.49999998311977834,
            "count": 26
        },
        "Board.Policy.ExtrinsicReward.sum": {
            "value": -22.517999984207563,
            "min": -1201.9691975936294,
            "max": -0.9999999662395567,
            "count": 26
        },
        "Board.Policy.CuriosityReward.mean": {
            "value": 58.02091242869695,
            "min": 9.500168394049009,
            "max": 113.0177462498347,
            "count": 26
        },
        "Board.Policy.CuriosityReward.sum": {
            "value": 174.06273728609085,
            "min": 50.271178647875786,
            "max": 2593.9839717149734,
            "count": 26
        },
        "Board.Losses.PolicyLoss.mean": {
            "value": 0.09033740858236948,
            "min": 0.05587728926135848,
            "max": 0.2929687560225526,
            "count": 25
        },
        "Board.Losses.PolicyLoss.sum": {
            "value": 0.09033740858236948,
            "min": 0.05587728926135848,
            "max": 0.2929687560225526,
            "count": 25
        },
        "Board.Losses.ValueLoss.mean": {
            "value": 0.0399307369099309,
            "min": 0.011739300672585766,
            "max": 10.213938156763712,
            "count": 25
        },
        "Board.Losses.ValueLoss.sum": {
            "value": 0.0399307369099309,
            "min": 0.011739300672585766,
            "max": 10.213938156763712,
            "count": 25
        },
        "Board.Policy.LearningRate.mean": {
            "value": 0.00014890025036660002,
            "min": 0.00014890025036660002,
            "max": 0.0002957376014207999,
            "count": 25
        },
        "Board.Policy.LearningRate.sum": {
            "value": 0.00014890025036660002,
            "min": 0.00014890025036660002,
            "max": 0.0005219622260126,
            "count": 25
        },
        "Board.Policy.Epsilon.mean": {
            "value": 0.1496334,
            "min": 0.1496334,
            "max": 0.19857920000000007,
            "count": 25
        },
        "Board.Policy.Epsilon.sum": {
            "value": 0.1496334,
            "min": 0.1496334,
            "max": 0.3739874,
            "count": 25
        },
        "Board.Policy.Beta.mean": {
            "value": 0.005000000000000001,
            "min": 0.005000000000000001,
            "max": 0.005000000000000001,
            "count": 25
        },
        "Board.Policy.Beta.sum": {
            "value": 0.005000000000000001,
            "min": 0.005000000000000001,
            "max": 0.010000000000000002,
            "count": 25
        },
        "Board.Losses.CuriosityForwardLoss.mean": {
            "value": 0.3662337099512418,
            "min": 0.24497706492741902,
            "max": 329.0943962097168,
            "count": 25
        },
        "Board.Losses.CuriosityForwardLoss.sum": {
            "value": 0.3662337099512418,
            "min": 0.24497706492741902,
            "max": 329.0943962097168,
            "count": 25
        },
        "Board.Losses.CuriosityInverseLoss.mean": {
            "value": 2.5536583423614503,
            "min": 2.5136419852574665,
            "max": 4.39419101079305,
            "count": 25
        },
        "Board.Losses.CuriosityInverseLoss.sum": {
            "value": 2.5536583423614503,
            "min": 2.5136419852574665,
            "max": 5.335368665059407,
            "count": 25
        },
        "Board.IsTraining.mean": {
            "value": 1.0,
            "min": 1.0,
            "max": 1.0,
            "count": 26
        },
        "Board.IsTraining.sum": {
            "value": 1.0,
            "min": 1.0,
            "max": 1.0,
            "count": 26
        }
    },
    "metadata": {
        "timer_format_version": "0.1.0",
        "start_time_seconds": "1751271526",
        "python_version": "3.10.12 | packaged by Anaconda, Inc. | (main, Jul  5 2023, 19:01:18) [MSC v.1916 64 bit (AMD64)]",
        "command_line_arguments": "E:\\miniconda\\envs\\mlagents\\Scripts\\mlagents-learn ./config/trainer_config.yaml --run-id=SlfullTetris_run --force",
        "mlagents_version": "1.1.0",
        "mlagents_envs_version": "1.1.0",
        "communication_protocol_version": "1.5.0",
        "pytorch_version": "2.2.2+cu121",
        "numpy_version": "1.23.5",
        "end_time_seconds": "1751273553"
    },
    "total": 2026.9977881000377,
    "count": 1,
    "self": 0.006760100019164383,
    "children": {
        "run_training.setup": {
            "total": 0.08990200003609061,
            "count": 1,
            "self": 0.08990200003609061
        },
        "TrainerController.start_learning": {
            "total": 2026.9011259999825,
            "count": 1,
            "self": 4.47034528106451,
            "children": {
                "TrainerController._reset_env": {
                    "total": 9.52089090005029,
                    "count": 3,
                    "self": 9.52089090005029
                },
                "TrainerController.advance": {
                    "total": 2012.7192296189023,
                    "count": 268665,
                    "self": 4.143191700684838,