{
    "name": "root",
    "metadata": {
        "timer_format_version": "0.1.0",
        "start_time_seconds": "1749302687",
        "python_version": "3.10.12 | packaged by Anaconda, Inc. | (main, Jul  5 2023, 19:01:18) [MSC v.1916 64 bit (AMD64)]",
        "command_line_arguments": "E:\\miniconda\\envs\\mlagents\\Scripts\\mlagents-learn ./config/trainer_config.yaml --run-id=SlfullTetris_run --force",
        "mlagents_version": "1.1.0",
        "mlagents_envs_version": "1.1.0",
        "communication_protocol_version": "1.5.0",
        "pytorch_version": "2.2.2+cu121",
        "numpy_version": "1.23.5",
        "end_time_seconds": "1749302854"
    },
    "total": 167.73298289999366,
    "count": 1,
    "self": 0.006600299850106239,
    "children": {
        "run_training.setup": {
            "total": 0.0813365001231432,
            "count": 1,
            "self": 0.0813365001231432
        },
        "TrainerController.start_learning": {
            "total": 167.6450461000204,
            "count": 1,
            "self": 0.05003169318661094,
            "children": {
                "TrainerController._reset_env": {
                    "total": 10.786612800089642,
                    "count": 1,
                    "self": 10.786612800089642
                },
                "TrainerController.advance": {
                    "total": 156.6386524066329,
                    "count": 2983,
                    "self": 0.0457814137917012,
                    "children": {
                        "env_step": {
                            "total": 155.95433169556782,
                            "count": 2983,
                            "self": 143.20797458384186,
                            "children": {
                                "SubprocessEnvManager._take_step": {
                                    "total": 12.717557203955948,
                                    "count": 2984,
                                    "self": 0.13014749577268958,
                                    "children": {
                                        "TorchPolicy.evaluate": {
                                            "total": 12.587409708183259,
                                            "count": 2984,
                                            "self": 12.587409708183259
                                        }
                                    }
                                },
                                "workers": {
                                    "total": 0.02879990777000785,
                                    "count": 2982,
                                    "self": 0.0,
                                    "children": {
                                        "worker_root": {
                                            "total": 27.74996929918416,
                                            "count": 2982,
                                            "is_parallel": true,
                                            "self": 16.624023811193183,
                                            "children": {
                                                "steps_from_proto": {
                                                    "total": 0.0005882999394088984,
                                                    "count": 2,
                                                    "is_parallel": true,
                                                    "self": 0.0003266001585870981,
                                                    "children": {
                                                        "_process_rank_one_or_two_observation": {
                                                            "total": 0.00026169978082180023,
                                                            "count": 4,
                                                            "is_parallel": true,
                                                            "self": 0.00026169978082180023
                                                        }
                                                    }
                                                },
                                                "UnityEnvironment.step": {
                                                    "total": 11.125357188051566,
                                                    "count": 2982,
                                                    "is_parallel": true,
                                                    "self": 0.18250378197990358,
                                                    "children": {
                                                        "UnityEnvironment._generate_step_input": {
                                                            "total": 0.1440560962073505,
                                                            "count": 2982,
                                                            "is_parallel": true,
                                                            "self": 0.1440560962073505
                                                        },
                                                        "communicator.exchange": {
                                                            "total": 10.230987405404449,
                                                            "count": 2982,
                                                            "is_parallel": true,
                                                            "self": 10.230987405404449
                                                        },
                                                        "steps_from_proto": {
                                                            "total": 0.5678099044598639,
                                                            "count": 2982,
                                                            "is_parallel": true,
                                                            "self": 0.35407670750282705,
                                                            "children": {
                                                                "_process_rank_one_or_two_observation": {
                                                                    "total": 0.21373319695703685,
                                                                    "count": 5964,
                                                                    "is_parallel": true,
                                                                    "self": 0.21373319695703685
                                                                }
                                                            }
                                                        }
                                                    }
                                                }
                                            }
                                        }
                                    }
                                }
                            }
                        },
                        "trainer_advance": {
                            "total": 0.6385392972733825,
                            "count": 2982,
                            "self": 0.10502929985523224,
                            "children": {
                                "process_trajectory": {
                                    "total": 0.5335099974181503,
                                    "count": 2982,
                                    "self": 0.5335099974181503
                                }
                            }
                        }
                    }
                },
                "trainer_threads": {
                    "total": 1.100124791264534e-06,
                    "count": 1,
                    "self": 1.100124791264534e-06
                },
                "TrainerController._save_models": {
                    "total": 0.16974809998646379,
                    "count": 1,
                    "self": 0.0077333999797701836,