{
    "name": "root",
    "gauges": {
        "Board.Policy.Entropy.mean": {
            "value": 1.2927687168121338,
            "min": 1.27505624294281,
            "max": 1.7194091081619263,
            "count": 44
        },
        "Board.Policy.Entropy.sum": {
            "value": 12930.2724609375,
            "min": 1991.07568359375,
            "max": 14975.859375,
            "count": 44
        },
        "Board.Step.mean": {
            "value": 6429981.0,
            "min": 5999960.0,
            "max": 6429981.0,
            "count": 44
        },
        "Board.Step.sum": {
            "value": 6429981.0,
            "min": 5999960.0,
            "max": 6429981.0,
            "count": 44
        },
        "Board.Policy.ExtrinsicValueEstimate.mean": {
            "value": -19.864694595336914,
            "min": -24.23433494567871,
            "max": -6.197706699371338,
            "count": 44
        },
        "Board.Policy.ExtrinsicValueEstimate.sum": {
            "value": -3218.08056640625,
            "min": -3925.96240234375,
            "max": -74.37248229980469,
            "count": 44
        },
        "Board.Policy.CuriosityValueEstimate.mean": {
            "value": 0.019569817930459976,
            "min": 0.01651044189929962,
            "max": 0.04318636283278465,
            "count": 44
        },
        "Board.Policy.CuriosityValueEstimate.sum": {
            "value": 3.1703104972839355,
            "min": 0.5182363390922546,
            "max": 5.723978042602539,
            "count": 44
        },
        "Board.IsTraining.mean": {
            "value": 1.0,
            "min": 1.0,
            "max": 1.0,
            "count": 44
        },
        "Board.IsTraining.sum": {
            "value": 1.0,
            "min": 1.0,
            "max": 1.0,
            "count": 44
        },
        "Board.Environment.EpisodeLength.mean": {
            "value": 772.7692307692307,
            "min": 572.0,
            "max": 964.5454545454545,
            "count": 43
        },
        "Board.Environment.EpisodeLength.sum": {
            "value": 10046.0,
            "min": 6737.0,
            "max": 11288.0,
            "count": 43
        },
        "Board.Self-play.ELO.mean": {
            "value": -645.4346621180351,
            "min": -645.4346621180351,
            "max": -632.1777503311998,
            "count": 43
        },
        "Board.Self-play.ELO.sum": {
            "value": -8390.650607534457,
            "min": -9662.915949837854,
            "max": -5767.743921635691,
            "count": 43
        },
        "Board.Environment.CumulativeReward.mean": {
            "value": -134.4372922182083,
            "min": -256.23133063316345,
            "max": -111.53866033554077,
            "count": 43
        },
        "Board.Environment.CumulativeReward.sum": {
            "value": -1747.684798836708,
            "min": -3155.7778944969177,
            "max": -1201.4748301506042,
            "count": 43
        },
        "Board.Policy.ExtrinsicReward.mean": {
            "value": -134.4372922182083,
            "min": -256.23133063316345,
            "max": -111.53866033554077,
            "count": 43
        },
        "Board.Policy.ExtrinsicReward.sum": {
            "value": -1747.684798836708,
            "min": -3155.7778944969177,
            "max": -1201.4748301506042,
            "count": 43
        },
        "Board.Policy.CuriosityReward.mean": {
            "value": 0.20841300149913877,
            "min": 0.0,
            "max": 0.27168596535921097,
            "count": 43
        },
        "Board.Policy.CuriosityReward.sum": {
            "value": 2.709369019488804,
            "min": 0.0,
            "max": 3.669439157936722,
            "count": 43
        },
        "Board.Losses.PolicyLoss.mean": {
            "value": 0.17953821594360417,
            "min": 0.17372633754979833,
            "max": 0.22500825461313845,
            "count": 8
        },
        "Board.Losses.PolicyLoss.sum": {
            "value": 0.17953821594360417,
            "min": 0.17372633754979833,
            "max": 0.22500825461313845,
            "count": 8
        },
        "Board.Losses.ValueLoss.mean": {
            "value": 1.5074201549733013,
            "min": 1.1592791761396473,
            "max": 6.214204759160985,
            "count": 8
        },
        "Board.Losses.ValueLoss.sum": {
            "value": 1.5074201549733013,
            "min": 1.1592791761396473,
            "max": 6.214204759160985,
            "count": 8
        },
        "Board.Policy.LearningRate.mean": {
            "value": 8.723108076893201e-05,
            "min": 8.723108076893201e-05,
            "max": 8.790495209505998e-05,
            "count": 8
        },
        "Board.Policy.LearningRate.sum": {
            "value": 8.723108076893201e-05,
            "min": 8.723108076893201e-05,
            "max": 8.790495209505998e-05,
            "count": 8
        },
        "Board.Policy.Epsilon.mean": {
            "value": 0.18723106799999997,
            "min": 0.18723106799999997,
            "max": 0.18790494000000005,
            "count": 8
        },
        "Board.Policy.Epsilon.sum": {
            "value": 0.18723106799999997,
            "min": 0.18723106799999997,
            "max": 0.18790494000000005,
            "count": 8
        },
        "Board.Policy.Beta.mean": {
            "value": 0.005,
            "min": 0.005,
            "max": 0.005,
            "count": 8
        },
        "Board.Policy.Beta.sum": {
            "value": 0.005,
            "min": 0.005,
            "max": 0.005,
            "count": 8
        },
        "Board.Losses.CuriosityForwardLoss.mean": {
            "value": 0.014432393817736726,
            "min": 0.01386996370794642,
            "max": 0.01473415911492101,
            "count": 8
        },
        "Board.Losses.CuriosityForwardLoss.sum": {
            "value": 0.014432393817736726,
            "min": 0.01386996370794642,
            "max": 0.01473415911492101,
            "count": 8
        },
        "Board.Losses.CuriosityInverseLoss.mean": {
            "value": 0.9395479416519505,
            "min": 0.9395479416519505,
            "max": 1.0045694487611043,
            "count": 8
        },
        "Board.Losses.CuriosityInverseLoss.sum": {
            "value": 0.9395479416519505,
            "min": 0.9395479416519505,
            "max": 1.0045694487611043,
            "count": 8
        }
    },
    "metadata": {
        "timer_format_version": "0.1.0",
        "start_time_seconds": "1761565410",
        "python_version": "3.10.12 | packaged by Anaconda, Inc. | (main, Jul  5 2023, 19:01:18) [MSC v.1916 64 bit (AMD64)]",
        "command_line_arguments": "C:\\Users\\ameli\\miniconda3\\envs\\mlagents\\Scripts\\mlagents-learn ./config/trainer_config.yaml --run-id=SlfullTetris_run --resume",
        "mlagents_version": "1.1.0",
        "mlagents_envs_version": "1.1.0",
        "communication_protocol_version": "1.5.0",
        "pytorch_version": "2.4.1+cpu",
        "numpy_version": "1.23.5",
        "end_time_seconds": "1761565719"
    },
    "total": 309.90754250000464,
    "count": 1,
    "self": 0.0038780999602749944,
    "children": {
        "run_training.setup": {
            "total": 0.05699750001076609,
            "count": 1,
            "self": 0.05699750001076609
        },
        "TrainerController.start_learning": {
            "total": 309.8466669000336,
            "count": 1,
            "self": 0.6503087007440627,
            "children": {
                "TrainerController._reset_env": {
                    "total": 6.199799700058065,
                    "count": 6,
                    "self": 6.199799700058065
                },
                "TrainerController.advance": {
                    "total": 302.9309720991878,
                    "count": 72412,
                    "self": 0.558831294241827,