{
    "name": "root",
    "metadata": {
        "timer_format_version": "0.1.0",
        "start_time_seconds": "1748421193",
        "python_version": "3.10.12 | packaged by Anaconda, Inc. | (main, Jul  5 2023, 19:01:18) [MSC v.1916 64 bit (AMD64)]",
        "command_line_arguments": "C:\\Users\\roarm\\miniconda3\\envs\\mlagents\\Scripts\\mlagents-learn ./config/trainer_config.yaml --run-id=TetrisTestrunRming1 --force",
        "mlagents_version": "1.1.0",
        "mlagents_envs_version": "1.1.0",
        "communication_protocol_version": "1.5.0",
        "pytorch_version": "2.2.2+cu121",
        "numpy_version": "1.23.5",
        "end_time_seconds": "1748421285"
    },
    "total": 92.37798270001076,
    "count": 1,
    "self": 0.006832200102508068,
    "children": {
        "run_training.setup": {
            "total": 0.10329729993827641,
            "count": 1,
            "self": 0.10329729993827641
        },
        "TrainerController.start_learning": {
            "total": 92.26785319996998,
            "count": 1,
            "self": 0.05171830696053803,
            "children": {
                "TrainerController._reset_env": {
                    "total": 7.115077999886125,
                    "count": 1,
                    "self": 7.115077999886125
                },
                "TrainerController.advance": {
                    "total": 84.95779689308256,
                    "count": 3601,
                    "self": 0.04705660277977586,
                    "children": {
                        "env_step": {
                            "total": 84.03803879814222,
                            "count": 3601,
                            "self": 70.04716040403582,
                            "children": {
                                "SubprocessEnvManager._take_step": {
                                    "total": 13.958899099379778,
                                    "count": 3601,
                                    "self": 0.14856599341146648,
                                    "children": {
                                        "TorchPolicy.evaluate": {
                                            "total": 13.810333105968311,
                                            "count": 3601,
                                            "self": 13.810333105968311
                                        }
                                    }
                                },
                                "workers": {
                                    "total": 0.031979294726625085,
                                    "count": 3600,
                                    "self": 0.0,
                                    "children": {
                                        "worker_root": {
                                            "total": 23.61340820323676,
                                            "count": 3600,
                                            "is_parallel": true,
                                            "self": 18.63201380847022,
                                            "children": {
                                                "steps_from_proto": {
                                                    "total": 0.0003098000306636095,
                                                    "count": 1,
                                                    "is_parallel": true,
                                                    "self": 0.00016819988377392292,
                                                    "children": {
                                                        "_process_rank_one_or_two_observation": {
                                                            "total": 0.00014160014688968658,
                                                            "count": 2,
                                                            "is_parallel": true,
                                                            "self": 0.00014160014688968658
                                                        }
                                                    }
                                                },
                                                "UnityEnvironment.step": {
                                                    "total": 4.981084594735876,
                                                    "count": 3600,
                                                    "is_parallel": true,
                                                    "self": 0.20987901464104652,
                                                    "children": {
                                                        "UnityEnvironment._generate_step_input": {
                                                            "total": 0.19368009478785098,
                                                            "count": 3600,
                                                            "is_parallel": true,
                                                            "self": 0.19368009478785098
                                                        },
                                                        "communicator.exchange": {
                                                            "total": 3.920992888044566,
                                                            "count": 3600,
                                                            "is_parallel": true,
                                                            "self": 3.920992888044566
                                                        },
                                                        "steps_from_proto": {
                                                            "total": 0.6565325972624123,
                                                            "count": 3600,
                                                            "is_parallel": true,
                                                            "self": 0.4497596025466919,
                                                            "children": {
                                                                "_process_rank_one_or_two_observation": {
                                                                    "total": 0.20677299471572042,
                                                                    "count": 7200,
                                                                    "is_parallel": true,
                                                                    "self": 0.20677299471572042
                                                                }
                                                            }
                                                        }
                                                    }
                                                }
                                            }
                                        }
                                    }
                                }
                            }
                        },
                        "trainer_advance": {
                            "total": 0.8727014921605587,
                            "count": 3600,
                            "self": 0.11778878653421998,
                            "children": {
                                "process_trajectory": {
                                    "total": 0.7549127056263387,
                                    "count": 3600,
                                    "self": 0.7549127056263387
                                }
                            }
                        }
                    }
                },
                "TrainerController._save_models": {
                    "total": 0.14326000004075468,
                    "count": 1,
                    "self": 0.010538799921050668,
                    "children": {
                        "RLTrainer._checkpoint": {
                            "total": 0.132721200119704,
                            "count": 1,