{
    "name": "root",
    "metadata": {
        "timer_format_version": "0.1.0",
        "start_time_seconds": "1748334268",
        "python_version": "3.10.12 | packaged by Anaconda, Inc. | (main, Jul  5 2023, 19:01:18) [MSC v.1916 64 bit (AMD64)]",
        "command_line_arguments": "C:\\Users\\roarm\\miniconda3\\envs\\mlagents\\Scripts\\mlagents-learn ./config/trainer_config.yaml --run-id=FirstTetrisTestrun --force",
        "mlagents_version": "1.1.0",
        "mlagents_envs_version": "1.1.0",
        "communication_protocol_version": "1.5.0",
        "pytorch_version": "2.2.2+cu121",
        "numpy_version": "1.23.5",
        "end_time_seconds": "1748334382"
    },
    "total": 114.25674959993921,
    "count": 1,
    "self": 0.008423099759966135,
    "children": {
        "run_training.setup": {
            "total": 0.11459870007820427,
            "count": 1,
            "self": 0.11459870007820427
        },
        "TrainerController.start_learning": {
            "total": 114.13372780010104,
            "count": 1,
            "self": 0.11377620231360197,
            "children": {
                "TrainerController._reset_env": {
                    "total": 9.376977600157261,
                    "count": 1,
                    "self": 9.376977600157261
                },
                "TrainerController.advance": {
                    "total": 104.50962659763172,
                    "count": 6784,
                    "self": 0.09117730404250324,
                    "children": {
                        "env_step": {
                            "total": 102.82835879176855,
                            "count": 6784,
                            "self": 79.3539363942109,
                            "children": {
                                "SubprocessEnvManager._take_step": {
                                    "total": 23.4082118102815,
                                    "count": 6784,
                                    "self": 0.3011823131237179,
                                    "children": {
                                        "TorchPolicy.evaluate": {
                                            "total": 23.107029497157782,
                                            "count": 6784,
                                            "self": 23.107029497157782
                                        }
                                    }
                                },
                                "workers": {
                                    "total": 0.06621058727614582,
                                    "count": 6783,
                                    "self": 0.0,
                                    "children": {
                                        "worker_root": {
                                            "total": 43.235340100713074,
                                            "count": 6783,
                                            "is_parallel": true,
                                            "self": 31.187131313839927,
                                            "children": {
                                                "steps_from_proto": {
                                                    "total": 0.00030019995756447315,
                                                    "count": 1,
                                                    "is_parallel": true,
                                                    "self": 0.00016609975136816502,
                                                    "children": {
                                                        "_process_rank_one_or_two_observation": {
                                                            "total": 0.00013410020619630814,
                                                            "count": 2,
                                                            "is_parallel": true,
                                                            "self": 0.00013410020619630814
                                                        }
                                                    }
                                                },
                                                "UnityEnvironment.step": {
                                                    "total": 12.047908586915582,
                                                    "count": 6783,
                                                    "is_parallel": true,
                                                    "self": 0.3550617881119251,
                                                    "children": {
                                                        "UnityEnvironment._generate_step_input": {
                                                            "total": 0.3195700936485082,
                                                            "count": 6783,
                                                            "is_parallel": true,
                                                            "self": 0.3195700936485082
                                                        },
                                                        "communicator.exchange": {
                                                            "total": 10.288983901031315,
                                                            "count": 6783,
                                                            "is_parallel": true,
                                                            "self": 10.288983901031315
                                                        },
                                                        "steps_from_proto": {
                                                            "total": 1.0842928041238338,
                                                            "count": 6783,
                                                            "is_parallel": true,
                                                            "self": 0.7236370060127228,
                                                            "children": {
                                                                "_process_rank_one_or_two_observation": {
                                                                    "total": 0.3606557981111109,
                                                                    "count": 13566,
                                                                    "is_parallel": true,
                                                                    "self": 0.3606557981111109
                                                                }
                                                            }
                                                        }
                                                    }
                                                }
                                            }
                                        }
                                    }
                                }
                            }
                        },
                        "trainer_advance": {
                            "total": 1.5900905018206686,
                            "count": 6783,
                            "self": 0.2730387032497674,
                            "children": {
                                "process_trajectory": {
                                    "total": 1.3170517985709012,
                                    "count": 6783,
                                    "self": 1.3170517985709012
                                }
                            }
                        }
                    }
                },
                "TrainerController._save_models": {
                    "total": 0.13334739999845624,
                    "count": 1,
                    "self": 0.011625099927186966,
                    "children": {
                        "RLTrainer._checkpoint": {
                            "total": 0.12172230007126927,
                            "count": 1,