{"count":1,"self":8.2275464,"total":8.2491820999999987,"children":{"InitializeActuators":{"count":2,"self":0.0029714999999999997,"total":0.0029714999999999997,"children":null},"InitializeSensors":{"count":2,"self":0.0010021,"total":0.003516,"children":{"CreateObservableSensors":{"count":2,"self":0.0025139,"total":0.0025139,"children":null}}},"AgentSendState":{"count":178,"self":0.0010100999999999999,"total":0.0035277,"children":{"CollectObservations":{"count":60,"self":0.00050789999999999993,"total":0.00050789999999999993,"children":null},"WriteActionMask":{"count":60,"self":0.0010096999999999999,"total":0.0010096999999999999,"children":null},"RequestDecision":{"count":60,"self":0.001,"total":0.001,"children":null}}},"DecideAction":{"count":178,"self":0.0015161999999999999,"total":0.0015161999999999999,"children":null},"AgentAct":{"count":178,"self":0.010104199999999999,"total":0.010104199999999999,"children":null}},"gauges":{},"metadata":{"timer_format_version":"0.1.0","start_time_seconds":"1761565602","unity_version":"2023.2.22f1","command_line_arguments":"F:\\unity\\2023.2.22f1\\Editor\\Unity.exe -projectpath F:\\unity\\unity-tetris-ai-platform -acceptSoftwareTermsForThisRunOnly -useHub -hubIPC -cloudEnvironment production","communication_protocol_version":"1.5.0","com.unity.ml-agents_version":"3.0.0","scene_name":"TetrisSingleAI","end_time_seconds":"1761565610"}}