{"count":1,"self":149.3559296,"total":1452.3056967999999,"children":{"InitializeActuators":{"count":2,"self":0.0009991,"total":0.0009991,"children":null},"InitializeSensors":{"count":2,"self":0.0010077,"total":0.003525,"children":{"CreateObservableSensors":{"count":2,"self":0.0025173,"total":0.0025173,"children":null}}},"AgentSendState":{"count":178401,"self":0.478658,"total":8.8835328999999987,"children":{"CollectObservations":{"count":178401,"self":5.6563647999999995,"total":5.6563647999999995,"children":null},"WriteActionMask":{"count":178401,"self":0.07706339999999999,"total":0.07706339999999999,"children":null},"RequestDecision":{"count":178401,"self":0.3370689,"total":2.6714466999999997,"children":{"AgentInfo.ToProto":{"count":178401,"self":0.40795149999999997,"total":2.3343778,"children":{"GenerateSensorData":{"count":178401,"self":1.9264264,"total":1.9264263,"children":null}}}}}}},"DecideAction":{"count":178401,"self":1285.3878783999999,"total":1285.387886,"children":null},"AgentAct":{"count":178401,"self":7.9329319999999992,"total":7.9344436999999992,"children":{"AgentInfo.ToProto":{"count":412,"self":0,"total":0.0015118999999999998,"children":{"GenerateSensorData":{"count":412,"self":0.0015118999999999998,"total":0.0015118999999999998,"children":null}}}}},"CreateObservableSensors":{"count":8258,"self":0.739378,"total":0.739378,"children":null}},"gauges":{"Board.CumulativeReward":{"count":412,"max":-3.99999785,"min":-33.5000572,"runningAverage":-14.3478155,"value":-11.9000006,"weightedAverage":-10.754549}},"metadata":{"timer_format_version":"0.1.0","start_time_seconds":"1758030202","unity_version":"2023.2.19f1","command_line_arguments":"F:\\unity\\2023.2.19f1\\Editor\\Unity.exe -projectpath F:\\unity\\unity-tetris-ai-platform -useHub -hubIPC -cloudEnvironment production","communication_protocol_version":"1.5.0","com.unity.ml-agents_version":"3.0.0","scene_name":"TetrisSingleAI","end_time_seconds":"1758031654"}}