{"count":1,"self":5.3570416,"total":30.586154399999998,"children":{"InitializeActuators":{"count":1,"self":0.0017633999999999998,"total":0.0017633999999999998,"children":null},"InitializeSensors":{"count":1,"self":0.00099739999999999985,"total":0.00099739999999999985,"children":null},"AgentSendState":{"count":1967,"self":0.0138041,"total":0.10057179999999999,"children":{"CollectObservations":{"count":1967,"self":0.0447814,"total":0.0447814,"children":null},"WriteActionMask":{"count":1967,"self":0.0010037,"total":0.0010037,"children":null},"RequestDecision":{"count":1967,"self":0.012595799999999999,"total":0.0409826,"children":{"AgentInfo.ToProto":{"count":1967,"self":0.0040289,"total":0.0283868,"children":{"GenerateSensorData":{"count":1967,"self":0.0243579,"total":0.0243579,"children":null}}}}}}},"DecideAction":{"count":1967,"self":25.018368,"total":25.0183687,"children":null},"AgentAct":{"count":1967,"self":0.10640709999999999,"total":0.10640709999999999,"children":null}},"gauges":{},"metadata":{"timer_format_version":"0.1.0","start_time_seconds":"1749301286","unity_version":"2023.2.19f1","command_line_arguments":"E:\\unity\\Editor\\2023.2.19f1\\Editor\\Unity.exe -projectpath E:\\Tetris\\unity-tetris-ai-platform -useHub -hubIPC -cloudEnvironment production","communication_protocol_version":"1.5.0","com.unity.ml-agents_version":"3.0.0","scene_name":"TetrisSingle","end_time_seconds":"1749301316"}}